<?xml version="1.0" encoding="UTF-8"?>
<!DOCTYPE suite SYSTEM "http://testng.org/testng-1.0.dtd">
    <suite name="All Test Suite">
        <test verbose="2" preserve-order="true" name="C:/Users/ktrybus/IdeaProjects/selenium/src/test">
            <classes>
                <class name="testing.MainPageTests">
                    <methods>
                        <include name="createAccount"/>
                        <include name="signInWithExistingAccount"/>
                        <include name="addAndRemoveItemFromCart"/>
                    </methods>
                </class>
            </classes>
        </test>
</suite>